model,class_id,class_name,precision,recall,mAP50,mAP50-95
YOLO26n,0,person,0.9099470907197592,0.7791500997863833,0.874990019577496,0.7307608480860449
YOLO26n,1,hardhat,0.7918400891186975,0.7278443275129786,0.7632905905898097,0.4763554996976751
YOLO26n,2,no hardhat,0.8870699538998623,0.8277153558052435,0.8936502471754129,0.6070873255559379
YOLO26n,3,safety vest,0.9549828442537681,0.9667035081436557,0.9796585673218773,0.8774406919248653
YOLO26n,4,no safety vest,0.724066729137692,0.7530120481927711,0.7507105419248112,0.410853467221159
YOLOv8n,0,person,0.9327982433398836,0.8120481927710843,0.8893508091447837,0.7354492299713625
YOLOv8n,1,hardhat,0.8160097650452323,0.7256317689530686,0.7708607166577893,0.47995813551285627
YOLOv8n,2,no hardhat,0.8796617487265259,0.8764044943820225,0.8916138041635843,0.6139475559442481
YOLOv8n,3,safety vest,0.970190612289415,0.9746835443037974,0.9828172829484417,0.876982803687327
YOLOv8n,4,no safety vest,0.7501530386068994,0.8139204816349107,0.7673949543460621,0.3943073771729465
YOLOv9t,0,person,0.9120434633546028,0.7903614457831325,0.8802499988328794,0.7384587840589258
YOLOv9t,1,hardhat,0.7490048722979026,0.6931407942238267,0.7273375664589683,0.4583788417037592
YOLOv9t,2,no hardhat,0.8414537081355161,0.8352059925093633,0.8684794125310709,0.6033826590445205
YOLOv9t,3,safety vest,0.9544637268829723,0.9772151898734177,0.9892774669985828,0.872242720221999
YOLOv9t,4,no safety vest,0.7126132269229634,0.8132530120481928,0.7852214303909512,0.44083506895830366
